ID,Date,Time,Time_Zone,Username,Tweet,Hashtags
967873786463834112,2018-02-25,21:27:47,UTC,EllieSwizzilla,"NoodlesTheDgo was getting fed up with our impromptu photo shoot. She needs her payment now! https://www.instagram.com/p/Bfon5KUh2Ox/
",None
966919151875801088,2018-02-22,06:14:24,UTC,EllieSwizzilla,"My superpower: finding new ways to hate myself faster than the speed of light!
",None
966879668275052544,2018-02-22,03:37:31,UTC,EllieSwizzilla,"Bubble joy! Fun fact: #tbt also stands for ""those bangs tho"" https://www.instagram.com/p/Bfhj0q0hTXp/
",tbt
963979572697096193,2018-02-14,03:33:34,UTC,EllieSwizzilla,"Happy Valentine's Day MouseHouse girls! #galentines #roommatesforlife https://www.instagram.com/p/BfM9AuPBCNF/
","['galentines', 'roommatesforlife']"
963951517366669312,2018-02-14,01:42:05,UTC,EllieSwizzilla,"On the #TheBachelor this week: Bekah M -""I could could pee myself a little""..... well that's because you're not potty trained yet girl.
",TheBachelor
963796783490064391,2018-02-14,15:27:14,UTC,EllieSwizzilla,"@Lesdoggg You look amazing! Because they're INSANE. 
",None
963565228482088961,2018-02-13,00:07:07,UTC,EllieSwizzilla,"Carley smells amazing. She is going to celebrate Mardi Gras (high-key). But WHERE IS YOUR COAT GIRL?
",None
963564095344693249,2018-02-13,00:02:37,UTC,EllieSwizzilla,"SHIT I forgot to go to CVS for valentines candy to drown my emotions in chocolate
",None
963563616917172224,2018-02-13,00:00:43,UTC,EllieSwizzilla,"Let's see what happens when Carly gets in the car. I hope she smells
",None
963563462310989826,2018-02-13,00:00:06,UTC,EllieSwizzilla,"Uber pool etiquette (because now I'm an expert): if you are waiting for me to come to the car (because you directed the guy to a different street) MOVE YOUR ASS OVER so I don't have to 1) get hit by a car or 2) sit in the front like a punk. I'm talking to YOU, Joy.
",None
963562750986326017,2018-02-13,23:57:16,UTC,EllieSwizzilla,"@alplicable WHERE DO YOU KEEP FINDING ALL THESE PUPPIES
",None
961268381897895936,2018-02-07,16:00:16,UTC,EllieSwizzilla,"@teriosityb @speaknojessica @schoctopus Yes! Might be late bc I never get out of work on time but yes!
",None
960315602643636226,2018-02-04,00:54:16,UTC,EllieSwizzilla,"I will bet $100 that the person who got canned for the @KylieJenner @pepsi ad was then send to @Dodge for that stomach- churning insult to Dr. Martin Luther King Jr.
",None
958208136162234368,2018-01-29,05:19:56,UTC,EllieSwizzilla,"pic.twitter.com/gOwyxSd8zi
",None
958190455488905216,2018-01-29,04:09:41,UTC,EllieSwizzilla,"Where the state highway starts I stopped my car, I got out and stared up at the stars.. https://www.instagram.com/p/Bej0bNchg8c/
",None
956898235368566784,2018-01-26,14:34:52,UTC,EllieSwizzilla,"@gaybonez (2/2) So now you're confused. And all because of Drag Race. Your profound confusion extends to the rest of your life. You wander this dystopian hellscape searching for simple food. Nothing matters. Eat at Arby's @nihilist_arbys
",None
956897521741303809,2018-01-26,14:32:02,UTC,EllieSwizzilla,"@gaybonez Unexpected potato coming from a place that serves (feminine-shaped)  ""how good could they be?"" You wonder. But now you want to try them. And eat a  But now with this juxtaposition,  = and for the audience (gay men and straight women I assume) eating = (1/2)
",None
954230483298156544,2018-01-18,05:54:10,UTC,EllieSwizzilla,"Over Christmas my mom sent me back with 2 bins of family photos---my share of our literal trove https://www.instagram.com/p/BeHro5ihhXH/
",None
953104189189771264,2018-01-15,03:18:41,UTC,EllieSwizzilla,"@Moe_Mollahan Yes. Thank you.
",None
953102824266719232,2018-01-15,03:13:15,UTC,EllieSwizzilla,"@Moe_Mollahan Pics or it didn't happen
",None
952589861688676353,2018-01-14,17:14:55,UTC,EllieSwizzilla,"....... I killed a FAKE PLANT. Because I, a human, didn't drink enough water. #plantnanny https://www.instagram.com/p/Bd8BkmjBRNP/
",plantnanny
952580035977924608,2018-01-14,16:35:53,UTC,EllieSwizzilla,"It took us an embarrassingly long time to figure out what he was doing. #catsofinstagram https://www.instagram.com/p/Bd79CICBRmx/
",catsofinstagram
951993001651462144,2018-01-12,01:43:13,UTC,EllieSwizzilla,"""It's another 15 minutes home."" ""I can't do this is was supposed to be quick""
",None
951992872932401153,2018-01-12,01:42:42,UTC,EllieSwizzilla,"Now they're crabby
",None
951992740283387904,2018-01-12,01:42:11,UTC,EllieSwizzilla,"Now the younger one is botching at her mom for picking Uber pool. ""I could have gone to the gym""
",None
951992594069901313,2018-01-12,01:41:36,UTC,EllieSwizzilla,"""Columbia heights"" where's that?""
",None
951992524754903040,2018-01-12,01:41:19,UTC,EllieSwizzilla,"""Where are we?"" ""14th street"" ""that's near Georgetown?"" ""No""
",None
951992233732997122,2018-01-12,01:40:10,UTC,EllieSwizzilla,"The women in my Uber just casually decided to go to Cabo for Easter. ""That's where all the wealthy people go"" ""not guaranteed we get that day off?"" ""Why? Because Easter doesn't fall on a Sunday?""
",None
951705091651915776,2018-01-11,06:39:10,UTC,EllieSwizzilla,"@meghankelleher3 #PizzaRatGate
",PizzaRatGate
951292232329515008,2018-01-10,03:18:36,UTC,EllieSwizzilla,"My Blue Whale:)  #taptapfish @dorcas_doyenpic.twitter.com/mm7jgOWaoV
",taptapfish
950738546381541377,2018-01-09,14:38:27,UTC,EllieSwizzilla,"@dorcas_doyen you caught me before I could delete it 
",None
949381703042322432,2018-01-05,20:46:51,UTC,EllieSwizzilla,"https://www.washingtonpost.com/news/soloish/wp/2018/01/05/man-seeks-therapist-girlfriend-all-the-emotional-benefits-without-any-investment/?tid=sm_fyb&utm_term=.48a5f680b34b MAGNIFICENT
",None
948188469771292675,2018-01-02,13:45:22,UTC,EllieSwizzilla,"Today is the one year anniversary of NoodlesTheDgo joining me in DC! #dcdogs #dcdogmoms https://www.instagram.com/p/BdcwDYLhGjU/
","['dcdogs', 'dcdogmoms']"
943707960223641601,2017-12-20,05:01:25,UTC,EllieSwizzilla,"@GADOLstein 
",None
943167253075374080,2017-12-19,17:12:50,UTC,EllieSwizzilla,"My December horoscope, basically. #StarWars #TheLastJedi #Taurus #notaspoilerthislinewasinthetrailersochill https://i.imgflip.com/1xxhhm.jpgpic.twitter.com/taz1M0XY6Z
","['StarWars', 'TheLastJedi', 'Taurus', 'notaspoilerthislinewasinthetrailersochill']"
940788638224351232,2017-12-12,03:41:05,UTC,EllieSwizzilla,"*women except most white women COME ONE LADIES HE WANTED TO TAKE AWAY YOUR RIGHT TO VOTE JESUS FUCKING CHRIST. ..........but a huge thank you to black women who have saved the day. Again.https://twitter.com/brianschatz/status/940786040394211331
",None
940783883385298944,2017-12-12,03:22:11,UTC,EllieSwizzilla,"My first Chicago deep dish pizza*! #chicagogram #yum *#pizzacasserole ... Photo credits to https://www.instagram.com/p/BcoI1TDhN0Q/
","['chicagogram', 'yum', 'pizzacasserole']"
940733552450260992,2017-12-12,00:02:11,UTC,EllieSwizzilla,"In case anyone is still looking for a #christmas present for me. #heysanta #art @ Museum of https://www.instagram.com/p/BcnxyR5hNwI/
","['christmas', 'heysanta', 'art']"
935722777734197249,2017-11-28,04:11:09,UTC,EllieSwizzilla,"I just gave to @CB_EmpowerGirls's #GivingTuesday campaign at @cataloguedc's website! #GivingTuesdayhttp://cfp-dc.org/5Pp4
","['GivingTuesday', 'GivingTuesday']"
933011952749625344,2017-11-21,16:39:18,UTC,EllieSwizzilla,"It has begun. #christmas #sorrynotsorry https://www.instagram.com/p/Bbw6dPyhwS2/
","['christmas', 'sorrynotsorry']"
932972690461388805,2017-11-21,14:03:17,UTC,EllieSwizzilla,"Story idea: If you say ""isn't @tomhanks just the best?"" at your thanksgiving table to calm your fighting family, he will magically appear. Unfortunately this takes him away from his own thanksgiving meal.
",None
932631202120519680,2017-11-20,15:26:20,UTC,EllieSwizzilla,"NoodlesTheDgo really does enjoy snuggles, she just doesn't like getting her picture taken. https://www.instagram.com/p/BbuNbSQBa_F/
",None
932130287512965120,2017-11-18,06:15:53,UTC,EllieSwizzilla,"The fact that my hair dried right in time to go to bed and looks the best it has in weeks is incredibly upsetting to me right now
",None
931805255121211392,2017-11-18,08:44:19,UTC,EllieSwizzilla,"@NUVOmag @DavidKHarbour Oof, this weirdly hurts my heart with undefined longing and a  resurging (resurgent?) desire for cigarettes.
",None
931598274045337600,2017-11-17,19:01:51,UTC,EllieSwizzilla,"@alplicable He's STRESSED OK?
",None
930429812853956609,2017-11-14,13:38:48,UTC,EllieSwizzilla,"@megabus Chicago of course! 
",None
930269645973741568,2017-11-13,03:02:21,UTC,EllieSwizzilla,"# god dammit Tubbspic.twitter.com/KikRHopIMX
",
928624964021948416,2017-11-09,14:06:59,UTC,EllieSwizzilla,"@Uber I would have been better off getting out of my ride and taking the bus.
",None
928623873326829570,2017-11-09,14:02:39,UTC,EllieSwizzilla,"Thank you @Uber for the lovely tour of every single closed road in DC. My driver is an absolute gem, but your navigation system should be taken out back and set on fire.
",None
928301379109707776,2017-11-08,16:41:10,UTC,EllieSwizzilla,"@DavidKHarbour @AmandaNorthrop Brilliant!
",None
927314587552071680,2017-11-05,23:20:01,UTC,EllieSwizzilla,"NoodlesTheDgo doing a heckin concern. Why is it so dark so early? Why are there no treats in my https://www.instagram.com/p/BbIbtW1BsZA/
",None
925581542348541952,2017-10-31,04:33:30,UTC,EllieSwizzilla,"Hungry? Get $5 off your first 2 orders on #UberEATS with my code: eats-ellies132. http://ubr.to/EatsGiveGet
",UberEATS
925387840107802624,2017-10-31,15:43:48,UTC,EllieSwizzilla,"Just found out about @DavidKHarbour 's twitter and Instagram and my life is forever changed. I think I'm in love.
",None
923377604442447872,2017-10-25,02:35:51,UTC,EllieSwizzilla,"Meanwhile I'm having candy corn and existential dread. #norecipe #puppers #doggosofinstagram https://www.instagram.com/p/BasdX7eB7yJ/
","['norecipe', 'puppers', 'doggosofinstagram']"
922878474821472256,2017-10-24,17:32:29,UTC,EllieSwizzilla,"@alplicable # of ""honey""s in a statement is in direct proportion to thirst
",
921852881980088322,2017-10-21,21:37:08,UTC,EllieSwizzilla,"My Uber pool has the sunroof open. And all of a sudden a shower of acorns and a stick falls in my lap. \_()_/
",None
918673009682067456,2017-10-12,03:01:28,UTC,EllieSwizzilla,"Found my real life bartender crush on tinder.... so now it's up to fate I guess
",None
916425180142063616,2017-10-06,22:09:23,UTC,EllieSwizzilla,"@amberdiscko This is NoodlesTheDgo. Her favorite human snacks are string beans and snickerdoodle cookiespic.twitter.com/WqVN7Wv37o
",None
916090022838853633,2017-10-05,23:57:36,UTC,EllieSwizzilla,"Scratch that. Female 80s power ballad playlist.https://twitter.com/ellieswizzilla/status/916088362250985472
",None
916088362250985472,2017-10-05,23:51:00,UTC,EllieSwizzilla,"My Uber driver just put on a Whitney Houston playlist. I love him
",None
915940278007140352,2017-10-05,14:02:34,UTC,EllieSwizzilla,"@Lesdoggg I love you Leslie!! Thank you for your courageous honesty. pic.twitter.com/Pzp3UWRkuW
",None
915781154049024000,2017-10-04,03:30:16,UTC,EllieSwizzilla,"#HappyBirthday to schoctopus of the house Scholl, first of her name, the unequaled, queen of the https://www.instagram.com/p/BZ2e6MRBUDu/
",HappyBirthday
915404994773491717,2017-10-03,02:35:32,UTC,EllieSwizzilla,"Hungry? Get $5 off your first 2 orders on #UberEATS with my code: eats-ellies132. http://ubr.to/EatsGiveGet
",UberEATS
915091048937947136,2017-10-02,05:48:02,UTC,EllieSwizzilla,"@Josesamuelclair @Mikel_Jollett Death rays don't kill people, PEOPLE kill people #fuckthe2ndamendment
",fuckthe2ndamendment
912505353115439104,2017-09-25,02:33:24,UTC,EllieSwizzilla,"Beef/veg/lentil/bean/noodle soup! #soupfordays #nofilter #norecipe #nogoogle #wifeme https://www.instagram.com/p/BZfNPxAh8M6/
","['soupfordays', 'nofilter', 'norecipe', 'nogoogle', 'wifeme']"
912309748082597888,2017-09-25,13:36:08,UTC,EllieSwizzilla,"Apparently NoodlesTheDgo does this every time I go out at night...It is enough to make one not https://www.instagram.com/p/BZd0TQyhEVJ/
",None
911738403489816576,2017-09-23,23:45:49,UTC,EllieSwizzilla,"@MsRebeccaTitle Subplot to the ""I faked it with a spy"" romance novel I was gonna write?
",None
910689797294972928,2017-09-20,02:19:02,UTC,EllieSwizzilla,"Welpp. Something wrong with me I guess 
",None
910664333725757440,2017-09-20,00:37:51,UTC,EllieSwizzilla,"TGIC thank god im currently drinking wine
",None
910663616763965440,2017-09-20,00:35:00,UTC,EllieSwizzilla,"7 guys? Or 5? Either 9 or 11 girls. Luckily it gives me a chance to tweet and get wine
",None
910663381081841666,2017-09-20,00:34:04,UTC,EllieSwizzilla,"Speed dating here we go: starts at 8 pm. W/ 15 min of mingling time. Get there at 8:14- oh we started 20 min ago
",None
910488041848000513,2017-09-20,12:57:19,UTC,EllieSwizzilla,"My favorite one is ""red light camera reported ahead""
",None
910485217458163713,2017-09-20,12:46:06,UTC,EllieSwizzilla,"So my Uber driver has a gps that sings to him & gives the next 2 turns. There's a different pattern for ""in ___ miles"" and ""__ a mile""
",None
909965453560127488,2017-09-18,02:20:45,UTC,EllieSwizzilla,"I stay late at work so YOU can have a nice life, NoodlesTheDgo. #momlifeuncensored https://www.instagram.com/p/BZNKMhmh8VT/
",momlifeuncensored
909259307312594946,2017-09-16,03:34:46,UTC,EllieSwizzilla,"#mischiefmanaged https://www.instagram.com/p/BZIJHn6hEby/
",mischiefmanaged
906924901302509569,2017-09-10,16:58:40,UTC,EllieSwizzilla,"Throwback to some of the gorgeous surroundings on our boat tour between Chincoteague and https://www.instagram.com/p/BY3jgOvhUt2/
",None
894293879943340032,2017-08-06,20:27:30,UTC,EllieSwizzilla,"NoodlesTheDgo and I at #meridianhillpark #doggosofinstagram #dustydoggo https://www.instagram.com/p/BXdznmFB3Q5/
","['meridianhillpark', 'doggosofinstagram', 'dustydoggo']"
887701188304613376,2017-07-19,15:50:30,UTC,EllieSwizzilla,"Ingredients by #Chipotle, produced by @RZA, composed by me. Check out my mix at https://savorwavs.com/share/7b2c75264f589c2
",Chipotle
882284735090786304,2017-07-04,17:07:27,UTC,EllieSwizzilla,"@schoctopus YES. Let's go!
",None
882094761095688193,2017-07-03,04:32:34,UTC,EllieSwizzilla,"Was feeling adventurous at cassisplainview so I took the opportunity to try frogs legs and https://www.instagram.com/p/BWHIHBwh9Bu/
",None
880205179118858241,2017-06-28,23:24:02,UTC,EllieSwizzilla,"@alplicable Just a teensy lil smooch 
",None
880204976747937792,2017-06-28,23:23:14,UTC,EllieSwizzilla,"@MatthewKBegbie Shower wine is the best.
",None
879313093557452800,2017-06-26,12:19:13,UTC,EllieSwizzilla,"@speaknojessica it is surprisingly difficult to sing in Spanish if you don't speak Spanish. Also there are YouTube videos of it sped up 
",None
879312848366829568,2017-06-26,12:18:14,UTC,EllieSwizzilla,"@speaknojessica My roommate and I decided to learn them this weekend even though we don't speak a LICK of Spanish. Show me to your danger zones 
",None
878483544544358400,2017-06-23,05:22:53,UTC,EllieSwizzilla,"Teaching myself Spanish by watching Despacito lyric videos @speaknojessica
",None
877588145201696778,2017-06-21,18:04:53,UTC,EllieSwizzilla,"@speaknojessica Also that new Jason Derulo/nicki Minaj song Swalla.
",None
877362060820197377,2017-06-20,03:06:30,UTC,EllieSwizzilla,"Yo Despacito is making me feel like I want to go dance in a club. What is this witchcraft????
",None
876511684717924352,2017-06-18,18:47:25,UTC,EllieSwizzilla,"Look at these inspirational words I generated with @TheInspiroBot http://inspirobot.me/share?iuid=039/aXm550xjU.jpg #inspiration #wisdom
","['inspiration', 'wisdom']"
873939668131348481,2017-06-11,16:27:08,UTC,EllieSwizzilla,"@alplicable This list is WRONG. SAD!
",None
872679510348398592,2017-06-07,04:59:43,UTC,EllieSwizzilla,"Because obviously this is a productive use of my time. At least NoodlesTheDgo agrees. #ditty https://www.instagram.com/p/BVEOjq7BbV6/
",ditty
872221661776498693,2017-06-06,22:40:23,UTC,EllieSwizzilla,"Remember kids- if you're gonna jaywalk, do it in packs. Just make sure YOU'RE in the middle
",None
871214424476045312,2017-06-03,03:57:59,UTC,EllieSwizzilla,"Genie in a bottle is essentially @xtina reminding us all about the importance of foreplay
",None
869889380890103809,2017-05-31,12:12:44,UTC,EllieSwizzilla,"#PrayersforCovfefe
",PrayersforCovfefe
869306476262817793,2017-05-29,21:36:29,UTC,EllieSwizzilla,"@MatthewKBegbie HEY. I WAS BORN THIS WAY
",None
869201711801524225,2017-05-29,14:40:11,UTC,EllieSwizzilla,"@MatthewKBegbie Nah there's a weird thing where 2s are emboldened to talk to 10s such as yourself. It's very odd and disconcerting
",None
863808749630357505,2017-05-14,17:30:29,UTC,EllieSwizzilla,"In honor of mothers working in DC, all I want for this #MothersDay is #PaidLeave4DC!@anitabondsDC
","['MothersDay', 'PaidLeave4DCanitabondsDC']"
863807705865224192,2017-05-14,17:26:20,UTC,EllieSwizzilla,"Full $40 million funding for #PaidLeave4DC! Any delay in funding means a delay in benefits, DC families can't wait any longer @ChmnMendelson
",PaidLeave4DC
863522769207779328,2017-05-13,22:34:06,UTC,EllieSwizzilla,"LOL this is so u omg #impeach @realDonaldTrump @DrunkStonedStpdpic.twitter.com/wn4cMtbpfS
",impeach
860106319428296704,2017-05-04,12:18:21,UTC,EllieSwizzilla,"Noodles' breakfast this morning: a 4-egg scramble w/ rice & cheese.  .........mine? A tortilla, and an apple when I get to work.
",None
859915052568244224,2017-05-03,23:38:19,UTC,EllieSwizzilla,"She doesn't realize that other #cheezits is there I think. #doggosofinstagram #dogsofinstgram https://www.instagram.com/p/BTph9C4gCzD/
","['cheezits', 'doggosofinstagram', 'dogsofinstgram']"
859775148718780421,2017-05-03,14:22:23,UTC,EllieSwizzilla,"Guess who turns 6 today?? NoodlesTheDgo!!!!! Little does she know that tonight she will get ALL https://www.instagram.com/p/BToiVRKgFRG/
",None
858079643890581506,2017-04-28,22:05:04,UTC,EllieSwizzilla,"... hatred and fear all at once. Moral: if you spit in public in my presence, you will sorely regret it
",None
858079480983760896,2017-04-28,22:04:25,UTC,EllieSwizzilla,"He wasn't expecting me to say ""well you shouldn't. It's disgusting"". Ooo the look he gave me
",None
858079125906575360,2017-04-28,22:03:00,UTC,EllieSwizzilla,"... expecting sympathy. ""She was yelling at me for spitting!"" The implication being ""what a crazy bitch!""
",None
858078749643984897,2017-04-28,22:01:30,UTC,EllieSwizzilla,"This kid got into my Uber pool, yelling at a woman who I first thought was his mother on the sidewalk to shut up. He turns to us...
",None
858078154166087681,2017-04-28,21:59:08,UTC,EllieSwizzilla,"I DESPISE it when men spit on the sidewalk. Do y'all just have more saliva or is your #masculinitysofragile that you can't swallow it?
",masculinitysofragile
857595752801079296,2017-04-27,14:02:15,UTC,EllieSwizzilla,"#tbt NoodlesTheDgo as a young pupper in her fancy dress for Red House Christmas 2011. Photo https://www.instagram.com/p/BTZDQdYgg8G/
",tbt
856994142722949120,2017-04-25,22:11:40,UTC,EllieSwizzilla,"@atlasvetDC NoodlesTheDgo was so well behaved at @atlasvetdc yesterday- except for rudely rejecting their https://www.instagram.com/p/BTUxrbkAh5_/
",None
856991243313786880,2017-04-25,22:00:09,UTC,EllieSwizzilla,"Chance The Rapper, #AlexxTheIntern is ready for an interview tom at #BeEncouraged in Oakland. #GeniusCoverLetter http://thndr.me/s17LU6
","['AlexxTheIntern', 'BeEncouraged', 'GeniusCoverLetter']"
856349680418136064,2017-04-23,03:30:48,UTC,EllieSwizzilla,"Shepherd's pie: may not be so pretty to look at, but it's delicious to eat (if I may say so https://www.instagram.com/p/BTQMnI4gGXY/
",None
856326573988958208,2017-04-23,01:58:59,UTC,EllieSwizzilla,"Surprise! @peltzmadelinepic.twitter.com/21kB85sEoS
",None
856179462475567104,2017-04-23,16:14:25,UTC,EllieSwizzilla,"@schoctopus And on @NPR NO LESS
",None
856179372268630021,2017-04-23,16:14:04,UTC,EllieSwizzilla,"@schoctopus Omg yes thank you I will show noodleo
",None
855142085279850496,2017-04-20,19:32:15,UTC,EllieSwizzilla,"We all do stupid things for the 'gram. Luckily jh5856 was buying. 2/10 would not unicorn again. https://www.instagram.com/p/BTHndeqAOTS/
",None
854316995810119680,2017-04-18,12:53:38,UTC,EllieSwizzilla,"And how they used to have BBQs in the desert and also how they had to watch out for lions @Im_just_Ashley it was so neat
",None
854316813374640128,2017-04-18,12:52:55,UTC,EllieSwizzilla,"And then @Im_just_Ashley my driver was telling me how he once drove from Dubai to Sudan.
",None
854158951474188288,2017-04-17,02:25:38,UTC,EllieSwizzilla,"People in my Uber pool are speaking Amhara? That's what they said. They're from Ethiopia and the driver is from Sudan. I love it.
",None
854158596946493440,2017-04-17,02:24:13,UTC,EllieSwizzilla,"One of the things I like best about living in a city is hearinf people speak in all different languages.
",None
850333824835833856,2017-04-07,13:05:56,UTC,EllieSwizzilla,"NoodlesTheDgo got to hang around in the yard on spring cleaning day..... and just stared at the https://www.instagram.com/p/BSlc6rYAf-q/
",None
848731507028000768,2017-04-02,02:58:54,UTC,EllieSwizzilla,"Homemade Chicken Noodle Soup!  #norecipe #wifeme #allthevegetables https://www.instagram.com/p/BSaERCFgSCd/
","['norecipe', 'wifeme', 'allthevegetables']"
847263644593250304,2017-03-29,01:46:08,UTC,EllieSwizzilla,"NoodlesTheDgo was SO GOOD this evening in Columbia Heights. Just chilling as people and dogs https://www.instagram.com/p/BSPowvVAJYE/
",None
845745643901607936,2017-03-25,21:14:09,UTC,EllieSwizzilla,"NoodlesTheDgo does Washington #dogsofinstgram #washingtondc #washingtonmonument https://www.instagram.com/p/BSE2aQIgi0O/
","['dogsofinstgram', 'washingtondc', 'washingtonmonument']"
845718242098380800,2017-03-25,19:25:16,UTC,EllieSwizzilla,"#dcherryblossoms https://www.instagram.com/p/BSEp_jugmyc/
",dcherryblossoms
845005922346942464,2017-03-23,20:14:45,UTC,EllieSwizzilla,"She's got the perfect snoot for booping. NoodlesTheDgo would like to wish you a heckin great https://www.instagram.com/p/BR_mEUzgcKa/
",None
843876887931830273,2017-03-20,17:28:23,UTC,EllieSwizzilla,"@Google Today's @google doodle is me, in a nutshell.
",None
839126233069813760,2017-03-07,14:50:58,UTC,EllieSwizzilla,"@tacobell + #TacoEmojiEngine
",TacoEmojiEngine
836022654654119936,2017-02-26,01:18:28,UTC,EllieSwizzilla,"@LookingGlassLng any chance y'all are playing the Oscars on your tv tonight? ;)
",None
834542621951418369,2017-02-22,23:17:20,UTC,EllieSwizzilla,"I'm really irrationally angry about this axe body spray situation right now. Maybe its the lack of oxygen to my brain because i CANT BREATHE
",None
834541686483251204,2017-02-22,23:13:37,UTC,EllieSwizzilla,"Protip: if I can actually taste the axe body spray you're wearing, ITS TOO MUCH
",None
832086062172344320,2017-02-15,04:35:51,UTC,EllieSwizzilla,"Sometimes you just need to listen to Beyonc and make soup. https://www.instagram.com/p/BQjyy65glGv/
",None
830509306701369345,2017-02-11,20:10:23,UTC,EllieSwizzilla,"@tacobell  +#TacoEmojiEngine last one.... For now
",TacoEmojiEngine
830508978794815490,2017-02-11,20:09:05,UTC,EllieSwizzilla,"@tacobell  +#TacoEmojiEngine
",TacoEmojiEngine
830508684648251392,2017-02-11,20:07:55,UTC,EllieSwizzilla,"@tacobell  + #TacoEmojiEngine
",TacoEmojiEngine
830508481484640256,2017-02-11,20:07:06,UTC,EllieSwizzilla,"@tacobell  #TacoEmojiEngine
",TacoEmojiEngine
830507312699830273,2017-02-11,20:02:28,UTC,EllieSwizzilla,"@tacobell  + #TacoEmojiEngine I CAN DO THIS ALL DAY
",TacoEmojiEngine
830506912739446784,2017-02-11,20:00:52,UTC,EllieSwizzilla,"@tacobell + #TacoEmojiEngine
",TacoEmojiEngine
830506645864251392,2017-02-11,19:59:49,UTC,EllieSwizzilla,"@tacobell + #TacoEmojiEngine
",TacoEmojiEngine
830506256301449216,2017-02-11,19:58:16,UTC,EllieSwizzilla,"@tacobell + #TacoEmojiEngine
",TacoEmojiEngine
823366856761286656,2017-01-22,03:08:50,UTC,EllieSwizzilla,"I wonder who they cast as TUBBS. @schoctopus @TheMarySue
",None
819715723698339841,2017-01-12,01:20:32,UTC,EllieSwizzilla,"Noodles is that weird kid on the playground who hangs out with the teacher. #dogpark
",dogpark
817362843645386752,2017-01-06,13:31:02,UTC,EllieSwizzilla,"Dear @Uber please teach your drivers to 1) get out of the bus lane and 2) NOT DRIVE BY AN ELEMENTARY SCHOOL AT 8:30 AM.
",None
814556157146759169,2016-12-29,19:38:16,UTC,EllieSwizzilla,"Join me in earning free rental days faster with #PlusYourPoints by @Enterprise. Sign up and start earning: http://plusyourpoints.enterprise.com
",PlusYourPoints
809831925577814016,2016-12-16,18:45:51,UTC,EllieSwizzilla,"Join me and writers around the world in the @nycmidnight Short Story Challenge 2017! #writing #amwriting http://bit.ly/2f2vx2W
","['writing', 'amwriting']"
803780532404441092,2016-11-29,01:59:47,UTC,EllieSwizzilla,"Please support #AllMenCan and You Can Too! https://razo.io/KH2Hs3 #GivingTuesday #RazooGT16 via @razoo
","['AllMenCan', 'GivingTuesday', 'RazooGT16']"
795871875150843908,2016-11-07,06:13:36,UTC,EllieSwizzilla,"FYI if you vote for trump make sure the people around you know it. Easier to weed out people when they show you who they truly are. 
",None
795870452166049792,2016-11-07,06:07:57,UTC,EllieSwizzilla,"Can't sleep- and I can't figure if I need to scream, cry, or throw up.  #DumpsterFire2016
",DumpsterFire2016
795868623931867136,2016-11-07,06:00:41,UTC,EllieSwizzilla,"Oof. Ouch.https://twitter.com/gaybonez/status/795677804562092032
",None
793978823360610304,2016-11-02,00:51:17,UTC,EllieSwizzilla,"Also only semi-related, they seem to be making wine bottles smaller
",None
793978473522065408,2016-11-02,00:49:54,UTC,EllieSwizzilla,"Watched more @netflix in the last 2 days than in the past 1+ year I've had it and it's all thanks to @vote4memaddieg and @iliza
",None
793976158098493440,2016-11-02,00:40:42,UTC,EllieSwizzilla,"Important question: what do you do if a guy on tinder's eyes are too far apart- BUT he has a cute dog?!?! .....asking for a friend
",None
793631353057243136,2016-11-01,01:50:34,UTC,EllieSwizzilla,"#homemade #chickennoodlesoup #norecipe #WIFEME https://www.instagram.com/p/BMSjnpBg-Mr/
","['homemade', 'chickennoodlesoup', 'norecipe', 'WIFEME']"
792229472120475648,2016-10-28,04:59:59,UTC,EllieSwizzilla,"Pro-tip: no selfies after midnight. I look awesome but \_()_/ the camera doesn't agree. Or is it my brain looking @ the pic that objects?
",None
792226750990282753,2016-10-28,04:49:10,UTC,EllieSwizzilla,"And I looked really good tonight too.  maybe I should sue the @AppStore for not facilitating my tinder dreams
",None
792225548630167552,2016-10-28,04:44:24,UTC,EllieSwizzilla,"And you know what? I CAN taste the difference. #macncheese #tinder #appstore #update #KILLMENOWIAMSOIMPATIENT
","['macncheese', 'tinder', 'appstore', 'update', 'KILLMENOWIAMSOIMPATIENT']"
792224857589252096,2016-10-28,04:41:39,UTC,EllieSwizzilla,"Now I'm here, eating GENERIC Mac&cheese w/ 50% whole grain pasta waiting for everything to load. Do you KNOW HOW THIS FEELS @AppStore ?!
",None
792224029776248832,2016-10-28,04:38:22,UTC,EllieSwizzilla,"@AppStore ALL I WANTED WAS TO RE-DOWNLOAD TINDER @appstore @pandoramusic
",None
792223646743949313,2016-10-28,04:36:50,UTC,EllieSwizzilla,"Worst thing about accidentally hitting ""update all"" in the @AppStore ...when apps change their icons.. @pandoramusic WHYYYYYYYYYYYYYYYYYYYYY
",None
786290803878531072,2016-10-12,19:41:50,UTC,EllieSwizzilla,"Registering to vote in DC AND signed up for my DC Public Library Card! 
",None
785923707818668032,2016-10-11,19:23:08,UTC,EllieSwizzilla,"@MatthewKBegbie THATS HARSH YO
",None
785730196527804416,2016-10-10,06:34:11,UTC,EllieSwizzilla,"If I see one more wedding/engagement on my Facebook timeline I'll scream. Said this last week- and everyone decides to get married this week
",None
785729943539941376,2016-10-10,06:33:11,UTC,EllieSwizzilla,"Wine or tea wine or tea......
",None
785729399421300736,2016-10-10,06:31:01,UTC,EllieSwizzilla,"You know it's bad when your mom suggests- ""well maybe you SHOULD drink a glass of wine before bed"" #nosleep
",nosleep
785729136228704256,2016-10-10,06:29:58,UTC,EllieSwizzilla,"YOU WOULD THINK btwn 1) not sleeping well last night 2) not sleeping well Saturday night & 3)resisting a nap, I'd be able to FUCKING SLEEP 
",None
785293226387398656,2016-10-09,01:37:49,UTC,EllieSwizzilla,"They're gonna be SO GOOD
",None
784020674528550912,2016-10-06,13:21:09,UTC,EllieSwizzilla,"@alplicable @MsRebeccaTitle yeah but it doesn't work if the snake has more personality
",None
784001514276810753,2016-10-06,12:05:01,UTC,EllieSwizzilla,"There are no puppies in this @Uber pool. Disappointing.
",None
783902273294532609,2016-10-05,05:30:40,UTC,EllieSwizzilla,"@MsRebeccaTitle @alplicable anyone but KStew
",None
783901865155104768,2016-10-05,05:29:03,UTC,EllieSwizzilla,"Can't sleep? Mentally run through and prod at every single old wound you have!
",None
783637125606486016,2016-10-05,11:57:04,UTC,EllieSwizzilla,"Plus: #puppyscience is my incentive to get out the door on time in the morning
",puppyscience
783636607433895936,2016-10-05,11:55:01,UTC,EllieSwizzilla,"Pet a puppy you've met before + have him/his owner remember you= extra puppy power = extra good day #science
",science
783475370964189184,2016-10-04,01:14:19,UTC,EllieSwizzilla,"The gloves are very politely coming off. #VPDebate
",VPDebate
783473667124715520,2016-10-04,01:07:33,UTC,EllieSwizzilla,"Watching the VP Deba----zzzzzzzzzzzzzzzzzzzzzzzzzzzzzzzzzzzzzzzzzzzzzzzzzzzzzzzzzzzzzzzzzzzzzzzzzzzzzzzzzzzzzzzzzzzzzzz
",None
783276117679607809,2016-10-04,12:02:33,UTC,EllieSwizzilla,"Turned a block later b/c of the light- MISSED MEETING THE PUPPY (see: yesterday)...now the bus is late #coincidence? #Ithinknot #dogscience
","['coincidence', 'Ithinknot', 'dogscience']"
783132143509704704,2016-10-03,02:30:27,UTC,EllieSwizzilla,"I've finally bitmoji'd myself and I immediately find the one with winepic.twitter.com/MvPk1j8TPX
",None
782911639972679680,2016-10-03,11:54:15,UTC,EllieSwizzilla,"Pet a puppy= have a good day #science
",science
782748088729559040,2016-10-02,01:04:21,UTC,EllieSwizzilla,"Merp. #lonely
",lonely
781828802481623040,2016-09-30,12:11:26,UTC,EllieSwizzilla,"Two wild and crazy guys! @negansvoidpic.twitter.com/0BeEtyglt4
",None
780852498793951232,2016-09-27,19:31:57,UTC,EllieSwizzilla,"@mattbaumanNYC I'm so mad, my Twitter app sucks and I can't see ANY of them 
",None
780620175687188480,2016-09-26,04:08:47,UTC,EllieSwizzilla,"I love @Im_just_Ashleypic.twitter.com/Sake1ZptIA
",None
780600237886959616,2016-09-26,02:49:34,UTC,EllieSwizzilla,"@NYMag @mattbaumanNYC HOW CAN ANYONE THINK THAT THIS HUMAN TURD WON?!?!?!
",None
780597964947460097,2016-09-26,02:40:32,UTC,EllieSwizzilla,"If you actually think that @realDonaldTrump is qualified to be president, then you are an idiot. #sorrynotsorry
",sorrynotsorry
780597611824906241,2016-09-26,02:39:08,UTC,EllieSwizzilla,"Wait did they even get to the third section?
",None
780597319884562434,2016-09-26,02:37:58,UTC,EllieSwizzilla,"Our lives depend on it
",None
780597231061729280,2016-09-26,02:37:37,UTC,EllieSwizzilla,"LEAVE @Rosie ALONE
",None
780596972948447234,2016-09-26,02:36:35,UTC,EllieSwizzilla,"I'm so proud that I can count on the Internet to screenshot all of @realDonaldTrump 's tweets before he can delete them
",None
780596487407427584,2016-09-26,02:34:40,UTC,EllieSwizzilla,"""She doesn't even HAVE a penis!"" #Debates2016 #shedoesnthavethelook #stamina
","['Debates2016', 'shedoesnthavethelook', 'stamina']"
780595253149655041,2016-09-26,02:29:45,UTC,EllieSwizzilla,"She's trying not to laugh haha @adamconover @MsRebeccaTitle @davidfrum
",None
780594092187197440,2016-09-26,02:25:08,UTC,EllieSwizzilla,"That WOULD actually start a war tho? #Debates2016
",Debates2016
780593455970062336,2016-09-26,02:22:37,UTC,EllieSwizzilla,"I LOL'D #temperment #winning #Debates2016
","['temperment', 'winning', 'Debates2016']"
780593220447240192,2016-09-26,02:21:41,UTC,EllieSwizzilla,"DONT YOU POINT AT LESTER HOLT HE IS TRYING SO HARD
",None
780591906757697536,2016-09-26,02:16:27,UTC,EllieSwizzilla,"@softobject not pictured: cookies and pigs in a blanket. So totes. Also I miss you!
",None
780591418842775552,2016-09-26,02:14:31,UTC,EllieSwizzilla,"Guys. I feel nothing. Too much rage.pic.twitter.com/Roton9FBJS
",None
780577933677166592,2016-09-26,01:20:56,UTC,EllieSwizzilla,"Hillary Clinton actually can not with this guy. She has lost the ability to can. @jabwhack
",None
780576010249043968,2016-09-26,01:13:17,UTC,EllieSwizzilla,"Wrong
",None
780575660834160640,2016-09-26,01:11:54,UTC,EllieSwizzilla,"EYYYYYYYY #Hillary with the jokes! #Debates2016
","['Hillary', 'Debates2016']"
780575089163198466,2016-09-26,01:09:38,UTC,EllieSwizzilla,"She is trying so hard to keep a straight face #Debates2016
",Debates2016
777732390575898624,2016-09-18,04:53:46,UTC,EllieSwizzilla,"It's exhausting living up to these expectations. @alibrariennehttps://twitter.com/damonayoung/status/777279121583968257
",None
777646700550914049,2016-09-18,23:13:16,UTC,EllieSwizzilla,"#1429 is really on point with the #fridgepoetry this week. https://www.instagram.com/p/BKg-o-hgN-2/
","['', 'fridgepoetry']"
775147761373220864,2016-09-11,01:43:22,UTC,EllieSwizzilla,"#fridgepoetry #nobutseriouslythough #needalawnmowerasap https://www.instagram.com/p/BKPOQTzAZpr/
","['fridgepoetry', 'nobutseriouslythough', 'needalawnmowerasap']"
774682508466225152,2016-09-10,18:54:37,UTC,EllieSwizzilla,"@koramadrama They need to read more Ibsen
",None
774209439314444288,2016-09-09,11:34:49,UTC,EllieSwizzilla,"Is my uber driver faking his accent? Where did he get this steering wheel thingy? Will I have time for breakfast? ALL THIS AND MORE
",None
774098889318158336,2016-09-08,04:15:31,UTC,EllieSwizzilla,"I'm really hoping that this bottle of wine I've polished off this evening will help me get to sleep, rather than just making me fat #awesome
",awesome
768454501032349696,2016-08-24,14:26:44,UTC,EllieSwizzilla,"Request an Invite to UpOut Insiders Club http://www.upout.com/dc/insiders/invite/request?code=egQmJmQKxwyQhaUPRw via @UpOutDC
",None
768080234725900288,2016-08-23,13:39:32,UTC,EllieSwizzilla,"@KateVatter This is stuck in my head now, so thanks for that. :p
",None
768074448159248384,2016-08-23,13:16:33,UTC,EllieSwizzilla,"I've used dry shampoo two days in a row now. This is my subtle cry for help.
",None
765711131717562368,2016-08-16,00:45:34,UTC,EllieSwizzilla,"#kerronclement winked at the camera after his post-heat interview and my vagina winked back. #Rio2016 
","['kerronclement', 'Rio2016']"
764164379432652802,2016-08-12,18:19:20,UTC,EllieSwizzilla,"@TheLegmanWHPC Women of Color :) https://thesocietypages.org/socimages/2011/03/26/loreta-ross-on-the-phrase-women-of-color/
",None
763949330268946432,2016-08-11,04:04:48,UTC,EllieSwizzilla,"YESSSS #SimoneManuel GET THAT MEDAL  #Rio2016
","['SimoneManuel', 'Rio2016']"
763946476615536642,2016-08-11,03:53:28,UTC,EllieSwizzilla,"TEARS EVERYWHERE. #SimoneBiles #AlyRaisman #TeamUSA #Rio2016pic.twitter.com/JXTlihUgFE
","['SimoneBiles', 'AlyRaisman', 'TeamUSA', 'Rio2016']"
763945754230525956,2016-08-11,03:50:35,UTC,EllieSwizzilla,"I really want #SimoneBiles to sweep every gold but I also want to watch #AlyRaisman 's floor routine forever so IDK WHAT TO FEEL #Rio2016
","['SimoneBiles', 'AlyRaisman', 'Rio2016']"
763945412516417536,2016-08-11,03:49:14,UTC,EllieSwizzilla,"""That was the best *something* turn of my life"" MINE TOO #AlyRaisman #Rio2016
","['AlyRaisman', 'Rio2016']"
763945185105448964,2016-08-11,03:48:20,UTC,EllieSwizzilla,"Thank you these are the emotions I've been waiting for #AlyRaisman #Rio2016 
","['AlyRaisman', 'Rio2016']"
763944896830898177,2016-08-11,03:47:11,UTC,EllieSwizzilla,"Yaassssssssss #AlyRaisman
",AlyRaisman
763937095253581826,2016-08-11,03:16:11,UTC,EllieSwizzilla,"If @NBCOlympics doesn't show #SimoneManuel in her medal ceremony I will destroy my tv. this isn't my tv so don't make me do it #Rio2016
","['SimoneManuel', 'Rio2016']"
763936364521861120,2016-08-11,03:13:17,UTC,EllieSwizzilla,"The P&G commercials knock me out. #ILoveYouMom #mymomisntontwittertho
","['ILoveYouMom', 'mymomisntontwittertho']"
763935668644917250,2016-08-11,03:10:31,UTC,EllieSwizzilla,"I was so busy kvelling over #SimoneManuel that I almost missed the beginning of #SimoneBiles ' beam routine. #Rio2016
","['SimoneManuel', 'SimoneBiles', 'Rio2016']"
763932629896826881,2016-08-11,02:58:26,UTC,EllieSwizzilla,"@schoctopus should have taken him out. Let's put spikes on your bike
",None
763928915278635008,2016-08-11,02:43:41,UTC,EllieSwizzilla,"Was it just me, or was (were?)there a distinct lack of white males in that #RogueOne trailer? Could use some more WoC, but still excited!
",RogueOne
763926793384448001,2016-08-11,02:35:15,UTC,EllieSwizzilla,"Aaaaand now I'm crying. #Rio2016 #SimoneManuel 
","['Rio2016', 'SimoneManuel']"
763926340907053056,2016-08-11,02:33:27,UTC,EllieSwizzilla,"SIMONE MANUEL OMG. This might be my absolute favorite Olympic result!!!!!!!!  #swimming #Rio2016 #USA #SimoneManuel
","['swimming', 'Rio2016', 'USA', 'SimoneManuel']"
763912490895937536,2016-08-11,01:38:25,UTC,EllieSwizzilla,"I  the Olympics. So I celebrate by having wine and cookie dough for dinner. #Rio2016
",Rio2016
763911937642070016,2016-08-11,01:36:13,UTC,EllieSwizzilla,"If everyone had 1/10 of @Lesdoggg 's positive energy, all the world's problems would be solved.
",None
763909667760312320,2016-08-11,01:27:12,UTC,EllieSwizzilla,"@sarahkendzior @AngryBlackLady thank you for this! :)
",None
763219734607323136,2016-08-09,03:45:39,UTC,EllieSwizzilla,"If @NBCOlympics doesn't show the #FinalFive medal ceremony so I can 1) cry and 2) put bee face on them i will be SO MAD. #Rio2016
","['FinalFive', 'Rio2016']"
763215746331713536,2016-08-09,03:29:48,UTC,EllieSwizzilla,"I LOVE #LaurieHernandez SO MUCH #Rio2016
","['LaurieHernandez', 'Rio2016']"
763200993836367872,2016-08-09,02:31:11,UTC,EllieSwizzilla,"""This asshat"" @schoctopus, still on the topic of #RyanLochte and his 90s hair. #Rio2016
","['RyanLochte', 'Rio2016']"
763200736834576384,2016-08-09,02:30:09,UTC,EllieSwizzilla,"Such sweet, raw honey. I mean, emotion. #MichaelPhelps #Rio2016 #usapic.twitter.com/IOP4lMhNYE
","['MichaelPhelps', 'Rio2016', 'usa']"
763200140337418240,2016-08-09,02:27:47,UTC,EllieSwizzilla,"It's un-BEE-lievable!! #MichaelPhelps #Rio2016 #usapic.twitter.com/9jOvb0TcHs
","['MichaelPhelps', 'Rio2016', 'usa']"
763196410951045122,2016-08-09,02:12:58,UTC,EllieSwizzilla,"""It looks like he tried out for the backstreet boys and failed out because he looked so bad"" @schoctopus on #RyanLochte #Rio2016
","['RyanLochte', 'Rio2016']"
763193938408796160,2016-08-09,02:03:09,UTC,EllieSwizzilla,"I want to make it 100% clear that I adore #KatieLedecky even if I do tweet her with a bee face #ledeckyslam #Rio2016
","['KatieLedecky', 'ledeckyslam', 'Rio2016']"
763193599530004480,2016-08-09,02:01:48,UTC,EllieSwizzilla,"#ledecky #ledeckyslam #Rio2016pic.twitter.com/YJCA17wTvd
","['ledecky', 'ledeckyslam', 'Rio2016']"
763193376711774208,2016-08-09,02:00:55,UTC,EllieSwizzilla,"#USApic.twitter.com/N885MVNWqs
",USA
763187602740699136,2016-08-09,01:37:58,UTC,EllieSwizzilla,"Dammit Mom I'm trying to tweet and you're calling me to ask about cupping. THEY'RE HICKEYS MOM #Rio2016
",Rio2016
763187163425112064,2016-08-09,01:36:13,UTC,EllieSwizzilla,"YES. All the medals. Mine.pic.twitter.com/lTIbwYMcMC
",None
763185501096542208,2016-08-09,01:29:37,UTC,EllieSwizzilla,"Debatable @speaknojessica
",None
763183936361140224,2016-08-09,01:23:24,UTC,EllieSwizzilla,"FUCK YEAH KATIE #LEDECKY #Rio2016 #ledeckyslam
","['LEDECKY', 'Rio2016', 'ledeckyslam']"
762670216979607552,2016-08-08,15:22:04,UTC,EllieSwizzilla,"#first7jobs babysitter/tutor, lifeguard/swim instructor, panini goddess, RC, Box Office staff, workshop TA, counter staff/burger wench.
",first7jobs
762393535152816128,2016-08-07,21:02:38,UTC,EllieSwizzilla,"#Rio2016 @nbc @NBCOlympics WHY ARE YOU THE WORST I JUST WANT TO WATCH GYMNASTICS JESUS CHRIST
",Rio2016
762336640417271808,2016-08-07,17:16:33,UTC,EllieSwizzilla,"@NYTmag your skyscrapers game makes absolutely no sense. None, I tell you!
",None
762128358880739328,2016-08-06,03:28:55,UTC,EllieSwizzilla,"I am just so glad that Bob Costas doesn't have pinkeye #Rio2016
",Rio2016
762119638863974400,2016-08-06,02:54:16,UTC,EllieSwizzilla,"STILL RINGS!!! #Rio2016 #mensgymnastics #ladyboner
","['Rio2016', 'mensgymnastics', 'ladyboner']"
762119061836881920,2016-08-06,02:51:58,UTC,EllieSwizzilla,"I love twitter b/c it's so cool knowing that @Lesdoggg and I are both thirsting over the same shoulders right now. #Rio2016 #mensgymnastics
","['Rio2016', 'mensgymnastics']"
762118502111125504,2016-08-06,02:49:45,UTC,EllieSwizzilla,"But in all seriousness, what is the actual point of #pommelhorse ? #Rio2016
","['pommelhorse', 'Rio2016']"
762118219742281728,2016-08-06,02:48:37,UTC,EllieSwizzilla,"You know why #TeamUSA #mensgymnastics keep falling off the #pommelhorse ? Your pants aren't tight enough. ;) #Rio2016
","['TeamUSA', 'mensgymnastics', 'pommelhorse', 'Rio2016']"
762117731718225921,2016-08-06,02:46:41,UTC,EllieSwizzilla,"I WOULDNT LET YOU FALL OFF BABY #Rio2016 #gymnastics #pommelhorse
","['Rio2016', 'gymnastics', 'pommelhorse']"
762117582312837120,2016-08-06,02:46:05,UTC,EllieSwizzilla,"Would that I were a pommel horse #Rio2016
",Rio2016
762062791742201860,2016-08-06,23:08:22,UTC,EllieSwizzilla,"Hungry? Get $10 off your first order on #UberEATS with my code: eats-ellies132. http://ubr.to/EatsGiveGet
",UberEATS
760861392312406017,2016-08-03,15:34:26,UTC,EllieSwizzilla,". @schoctopus you MUST follow @TinyKylo
",None
759105002010992640,2016-07-29,19:15:10,UTC,EllieSwizzilla,"God DAMMIT TUBS @schoctopuspic.twitter.com/OKurc9uqnd
",None
758844772559695876,2016-07-28,02:01:07,UTC,EllieSwizzilla,"You only see him when you're very young! #totoro #totoro thank you to kstuart14 for my lil https://www.instagram.com/p/BIbYg0MA3TD/
","['totoro', 'totoro']"
756645291437195266,2016-07-22,00:21:09,UTC,EllieSwizzilla,"Your ""welcome aboard"" video is a TAWDRY LIE @megabus
",None
756644749071745024,2016-07-22,00:19:00,UTC,EllieSwizzilla,"Because as of now I'll be arriving in Manhattan at 1 am with a dead phone. COOL THANKS @megabus
",None
756644486244077568,2016-07-22,00:17:57,UTC,EllieSwizzilla,"Hey @megabus if the bus is going to leave 40 minutes late and the wifi not work- could you at least make sure the outlets work?
",None
756332121032101888,2016-07-21,03:36:44,UTC,EllieSwizzilla,"""They're not setting the arena on fire"".... No, just America in general
",None
756331961803825152,2016-07-21,03:36:06,UTC,EllieSwizzilla,"DROP THE DAMN BALLOONS
",None
756331815309340672,2016-07-21,03:35:31,UTC,EllieSwizzilla,"Is it the angle or is this a terrifyingly tall 9 year old?
",None
756323379519643648,2016-07-21,03:02:00,UTC,EllieSwizzilla,"THEN GET OUT @realDonaldTrump
",None
756321946917343233,2016-07-21,02:56:18,UTC,EllieSwizzilla,"What about the hateful violent ideology in the room that you're speaking to? #RNCinCLE #lgbtq
","['RNCinCLE', 'lgbtq']"
756321536026574848,2016-07-21,02:54:40,UTC,EllieSwizzilla,"And just like that, trump puts the #BernieOrBust people in a very precarious place
",BernieOrBust
756316311651745792,2016-07-21,02:33:55,UTC,EllieSwizzilla,"HOW DARE YOU TAKE BERNIE'S NAME IN VAIN #RNCinCLE
",RNCinCLE
756315268574502912,2016-07-21,02:29:46,UTC,EllieSwizzilla,"@donnatella_moss @chrisjohnson82 DONT ASK QUESTIONS IT WILL BE VERY SOON OK MAYBE JUST STAY INSIDE
",None
756312418549174272,2016-07-21,02:18:26,UTC,EllieSwizzilla,"Donald ""Jesus"" Trump. Wait that's not what it is? ##RNCinCLE
","['', 'RNCinCLE', 'RNCinCLE']"
756312213263114240,2016-07-21,02:17:37,UTC,EllieSwizzilla,"I feel like this should be a scene in a Katherine Heigl movie #RNCinCLE
",RNCinCLE
756312071189458944,2016-07-21,02:17:04,UTC,EllieSwizzilla,"""He'll be your best friend!"" #RNCinCLE
",RNCinCLE
755808578028597248,2016-07-20,16:56:21,UTC,EllieSwizzilla,"#FortuneCookieWednesday https://www.instagram.com/p/BIFz0ASgUb2/
",FortuneCookieWednesday
754682261325410305,2016-07-17,14:20:47,UTC,EllieSwizzilla,"@BuzzFeed Someone Figured Out How To Choose Your Eevee's Evolution In #PokemonGo https://www.buzzfeed.com/andyneuenschwander/someone-figured-out-how-to-choose-your-eevees-evolution-in-p?utm_term=.aa2GaWvNz via @andyschwander @buzzfeed
",PokemonGo
754459113967550464,2016-07-16,23:34:04,UTC,EllieSwizzilla,"@schoctopus IM SO HAPPY YES YES YES
",None
749998962187313152,2016-07-04,16:11:01,UTC,EllieSwizzilla,"@Ricky_Vaughn99 Happy@4th of July!pic.twitter.com/OjOEdM7f2H
",None
749286815748780032,2016-07-02,17:01:12,UTC,EllieSwizzilla,"THERE WAS ROOM FOR TWO ON THAT DOOR @schoctopus @teriosityb @DCist @BuildingMuseum
",None
748325694556540928,2016-06-29,01:22:03,UTC,EllieSwizzilla,"Is this real footage of white-tips on #SharkWeek  right now? @Discovery
",SharkWeek
746789955662295040,2016-06-25,19:39:34,UTC,EllieSwizzilla,"Dear lord kill me nowpic.twitter.com/nbFECfiTnb
",None
745799952396394496,2016-06-22,02:05:39,UTC,EllieSwizzilla,"I am appalled that #PaulRyan had the @cspan cameras turned  off today. Thank goodness this is 2016! #holdthefloor
","['PaulRyan', 'holdthefloor']"
745799704454246404,2016-06-22,02:04:40,UTC,EllieSwizzilla,"Yo but fuck #PaulRyan though
",PaulRyan
745798727357579264,2016-06-22,02:00:47,UTC,EllieSwizzilla,"#holdthefloor today and the #filibuster last week and @repjohnlewis have given me back some hope in our democratic process. No small feat
","['holdthefloor', 'filibuster']"
745798245734060033,2016-06-22,01:58:52,UTC,EllieSwizzilla,"I can see it on your face @cspan I'm so sorry that as a journalist you can't just yell at the idiots ""NOBODY IS TRYING TO TAKE YOUR GUNS""
",None
740366880301559808,2016-06-07,02:16:34,UTC,EllieSwizzilla,"Kitchen is a mess but who cares? I get to eat this scrumptious lil taco salad :) https://www.instagram.com/p/BGYFve8sYH0/
",None
740189647972753408,2016-06-07,14:32:18,UTC,EllieSwizzilla,"2nd attempt! Join me and writers around the world in the @nycmidnight Flash Fiction Challenge 2016! #writing http://bit.ly/1saMdsM
",writing
739863531085008896,2016-06-06,16:56:26,UTC,EllieSwizzilla,"@lizzwinstead @boothby171 15 Dad, come on, get it together.
",None
739615939755446273,2016-06-05,00:32:36,UTC,EllieSwizzilla,"Just posted a photo https://www.instagram.com/p/BGSwQJmsYB3/
",None
738770835717165057,2016-06-03,16:34:27,UTC,EllieSwizzilla,"I saw this Captain America tutu-dress in Kohls and I don't think anything has ever made me happier. https://www.instagram.com/p/BGMv8dtMYJV/
",None
734877283043975168,2016-05-23,22:42:52,UTC,EllieSwizzilla,".@RKadyrov I have not seen your cat.
",None
727705235213389824,2016-05-03,03:43:42,UTC,EllieSwizzilla,"Happy 5th birthday Noodles! #tbtuesday to your 3rd bday. We can get another doggie cone this https://www.instagram.com/p/nj5qwSMYP2/
",tbtuesday
726444466396127232,2016-04-30,16:13:52,UTC,EllieSwizzilla,"@schoctopus @wilw ketchup is life.
",None
726386266745491460,2016-04-30,12:22:36,UTC,EllieSwizzilla,"@schoctopus @wilw I see a man who doesn't want to sully himself with generic ketchup and frankly I say hear hear.
",None
724924989208711170,2016-04-26,11:36:00,UTC,EllieSwizzilla,"@rjalbright4 how DARE YOU
",None
722840127920336896,2016-04-20,17:31:30,UTC,EllieSwizzilla,"This #fortunecookiewednesday is a bit disappointing. Except #3 . That's on point https://www.instagram.com/p/BEbjf1XMYBJ/
","['fortunecookiewednesday', '']"
722514131086110720,2016-04-19,19:56:07,UTC,EllieSwizzilla,"@Merc_Rustad I just read your story ""this is not a wardrobe door"" on fireside fiction and I loved it! Thank you :)
",None
722438713792405504,2016-04-19,14:56:26,UTC,EllieSwizzilla,"View from the bus coming back to DC- protip: always sit on the west side of the bus when https://www.instagram.com/p/BEYs9JrMYIT/
",None
721195955706535936,2016-04-15,04:38:09,UTC,EllieSwizzilla,"I lament lost love/ The beautiful babies we/ Would have made. Adieu. #greyhoundhaiku #thirst #goodnight
","['greyhoundhaiku', 'thirst', 'goodnight']"
721195721068818432,2016-04-15,04:37:13,UTC,EllieSwizzilla,"If I had known just/ How cute this guy was would/ I make more effort? #greyhoundhaiku #thirst
","['greyhoundhaiku', 'thirst']"
721194653916246016,2016-04-15,04:32:59,UTC,EllieSwizzilla,"He was so hot/ He was aggressively hot/ I cannot describe. #greyhoundhaiku #thirst
","['greyhoundhaiku', 'thirst']"
721192222310404097,2016-04-15,04:23:19,UTC,EllieSwizzilla,"Fitful rest and then/ In the cold light of midnight/ What a total hunk #omg #greyhoundhaiku
","['omg', 'greyhoundhaiku']"
721163013017976832,2016-04-15,02:27:15,UTC,EllieSwizzilla,"He opened Twitter/ Oh no oh no oh no oh/ No oh no oh no #greyhoundhaiku
",greyhoundhaiku
721153340030263296,2016-04-15,01:48:49,UTC,EllieSwizzilla,"Oh, dear god no/ My dear lord in heaven no/ SOMEONE'S EATING BEANS #greyhoundhaiku
",greyhoundhaiku
721152594958266369,2016-04-15,01:45:51,UTC,EllieSwizzilla,"If you're just joining/ The moral of my story is/ I'm bored on a bus #greyhoundhaiku
",greyhoundhaiku
721152264702963712,2016-04-15,01:44:32,UTC,EllieSwizzilla,"What if he turns on/ Tinder, and then I do too/ Will we make a match? #greyhoundhaiku
",greyhoundhaiku
721151834736472064,2016-04-15,01:42:50,UTC,EllieSwizzilla,"Now he sits restless/ Staring at a lighted screen/ I know that feel, bro #greyhoundhaiku
",greyhoundhaiku
721151509099057153,2016-04-15,01:41:32,UTC,EllieSwizzilla,"Fool did not think to/ Ask if he could use these two/ Pillows on my chest #greyhoundhaiku
",greyhoundhaiku
721149451453206528,2016-04-15,01:33:22,UTC,EllieSwizzilla,"Scrunched up to the left/ shifted in my seat to try/ not to touch your butt #greyhoundhaiku
",greyhoundhaiku
721146081518690304,2016-04-15,01:19:58,UTC,EllieSwizzilla,"Oh no he stirs and/ alas he has awoken/ please don't read my tweets #greyhoundhaiku
",greyhoundhaiku
721142498056400896,2016-04-15,01:05:44,UTC,EllieSwizzilla,"Driving 'round a corner/ centrifugal force is great/ how the tables turn! #greyhoundhaiku
",greyhoundhaiku
721141894802235397,2016-04-15,01:03:20,UTC,EllieSwizzilla,"Our shins gently brush/ sparks flying between leg hairs/ why did I not shave?  #greyhoundhaiku
",greyhoundhaiku
721141307767447552,2016-04-15,01:01:00,UTC,EllieSwizzilla,"How do you do it?/ sleep so soundly on this bus/ I want what you took #greyhoundhaiku
",greyhoundhaiku
721140327109828610,2016-04-15,00:57:06,UTC,EllieSwizzilla,"Why oh why did I/ forget my bottle of wine/ it was a screw-top #greyhoundhaiku
",greyhoundhaiku
721139283076190208,2016-04-15,00:52:57,UTC,EllieSwizzilla,"Autocorrect has/ been ducking up my hashtag/ how will I get fans?! #greyhoundhaiku
",greyhoundhaiku
721139001961365505,2016-04-15,00:51:50,UTC,EllieSwizzilla,"I'll give you space but/ my back is starting to hurt/ can I smell your hair? #greyhound haiku
",greyhound
721138649753116672,2016-04-15,00:50:26,UTC,EllieSwizzilla,"@iamdavidbrown I have 3.5 more hours on this bus. Probably more. So HELL YEAH
",None
721138383767134208,2016-04-15,00:49:23,UTC,EllieSwizzilla,"Kick my charger bro/ do it one more time and I/ will duck up your face #greyhoundhaiku
",greyhoundhaiku
721138141671895041,2016-04-15,00:48:25,UTC,EllieSwizzilla,"We'd be lovers but/ I was that girl who brought Mc/ Donald's on the bus :( #greyhoundhaiku
",greyhoundhaiku
721137190919618560,2016-04-15,00:44:39,UTC,EllieSwizzilla,"What if I gently/ start licking on your elbow/ will I pierce your dream? #greyhound haiku
",greyhound
721135961468506112,2016-04-15,00:39:45,UTC,EllieSwizzilla,"Bus: boy next to me/ your biceps look like pillows/ can I sleep on you? #greyhoundhaiku
",greyhoundhaiku
720653698578427906,2016-04-14,16:43:25,UTC,EllieSwizzilla,"GOD DAMMIT TUBS, NOT AGAIN! @schoctopuspic.twitter.com/ThtvD53Eu9
",None
720442487387635712,2016-04-13,02:44:08,UTC,EllieSwizzilla,"Scrumptiously healthy vegetable-lentil soup with added spinach because why not? #adulting https://www.instagram.com/p/BEKhLUYsYAa/
",adulting
720361864832688128,2016-04-13,21:23:46,UTC,EllieSwizzilla,"I DONT THINK TUBBS APPRECIATES HOW MUCH THE FRISKY BITZ COST @schoctopuspic.twitter.com/ibjMxneU5N
",None
720318849732575232,2016-04-13,18:32:51,UTC,EllieSwizzilla,"I have learned my lesson the hard way- always consult your horoscope before cancelling a date. On your most romantic day of April. whomp.
",None
720298944144740352,2016-04-13,17:13:45,UTC,EllieSwizzilla,"TABITHA IS IN A SOCK! I am not ashamed! @schoctopuspic.twitter.com/HZriyFd7CH
",None
719878697206091776,2016-04-12,13:23:50,UTC,EllieSwizzilla,"Question:How much effort am i willing to spend today for @benandjerrys #FreeConeDay ?pic.twitter.com/7u2h64h4OH
",FreeConeDay
715357517371609088,2016-03-30,01:58:17,UTC,EllieSwizzilla,"im going to pukehttps://twitter.com/NARAL/status/715347962147241984
",None
714825829570596864,2016-03-29,14:45:33,UTC,EllieSwizzilla,"I have followed 5 cute animal Twitter accounts in the last 12 hours. I have a problem. #NoRegrets
",NoRegrets
714656676528459776,2016-03-28,03:33:24,UTC,EllieSwizzilla,"I mean, I will never meet every single puppy in this world but BY GOLLY I CAN TRY
",None
714656031125667842,2016-03-28,03:30:50,UTC,EllieSwizzilla,"It's really hard to build my #personal #brand when all I ever want to look at/retweet are baby animal pictures and weird dog memes.
","['personal', 'brand']"
709533221810266112,2016-03-14,00:14:37,UTC,EllieSwizzilla,"Happy #PiDay from me and @schoctopus  (and yes, it tastes as good as it looks)pic.twitter.com/ooPHNDNNix
",PiDay
704889073505275904,2016-03-01,04:40:25,UTC,EllieSwizzilla,"Sweet dreams, Christmas bears. Until next year. #nofilter #grammasters3 https://www.instagram.com/p/BCcATZwMYIE/
","['nofilter', 'grammasters3']"
704149714460086273,2016-02-28,03:42:29,UTC,EllieSwizzilla,"WHERE ARE THESE OSCAR EMOJIS COMING FROM
",None
696427626081214464,2016-02-07,20:17:39,UTC,EllieSwizzilla,"PUPPY BOWL TIME!!!
",None
692913011527413760,2016-01-28,03:31:50,UTC,EllieSwizzilla,"ABORION IS ALREADY LEGAL YOU ASSHATS GTFO OF MY UTERUS #GOPDebate
",GOPDebate
691136324162732033,2016-01-23,05:51:55,UTC,EllieSwizzilla,"Selena Gomez you need to stop&take a look at your life/choreography choices. I know you're trying to be a grownup but you're still 12 #SNL
",SNL
